,Pageviews,Unique Pageviews,user,repo,ref
0,"18,309","12,086",ipython,ipython-in-depth,master
1,"6,995","5,066",jupyterlab,jupyterlab-demo,master
3,"1,047",767,binder-examples,r,master
4,850,732,jupyterlab,jupyterlab-demo,18a9793b58ba86660b5ab964e1aeaf7324d667c8
5,531,410,jupyterlab,jupyterlab-demo,master
6,492,372,binder-examples,julia-python,master
7,202,147,data-8,materials-sp18,master
8,157,117,rlabbe,Kalman-and-Bayesian-Filters-in-Python,master
9,135,69,aforechi,ifes-cpp,master
10,112,95,jvns,pandas-cookbook,master
11,107,83,mmoelter,Phys133,master
12,102,83,decodoku,A_Game_to_Benchmark_Quantum_Computers,master
13,100,69,jakevdp,PythonDataScienceHandbook,master
14,99,71,quantopian,qgrid-notebooks,master
15,98,78,uhd-pap,course-deploy,master
16,93,74,rougier,numpy-100,master
17,82,71,cernphsft,rootbinder,master
18,82,64,compstat-lmu,lecture_intro_to_ml_notebooks,master
19,75,55,bwilk7,CMSC331,Spring2018
20,75,59,SpencerPark,ijava-binder,master
21,68,48,dmollaaliod,comp348-2018,master
22,67,54,bokeh,bokeh-notebooks,master
23,64,50,sisaza,informatica,master
24,64,53,sjoerddehaan,ml-course-2018,master
25,60,50,panicinc,speed_mystery,master
26,56,40,AllenDowney,ThinkDSP,master
27,53,38,norvig,pytudes,master
28,51,43,pymc-devs,pymc3,master
29,49,37,wildtreetech,explore-open-data,binder20-elife
30,46,29,nd1,WiDS2018,master
31,45,38,lightning-viz,lightning-example-notebooks,master
32,44,43,data-8,textbook,gh-pages
33,42,29,bwilk7,CMSC331,Spring2018
34,42,39,DecodedCo,decision-tree-notebook,master
35,41,39,data-8,textbook,gh-pages
36,39,33,bwilk7,CMSC433,Spring2018
37,39,29,folivetti,AprendizadoMaquina,master
38,38,28,quantopian,qgrid-notebooks,master
39,38,25,UCLA-Plasma-Simulation-Group,JupyterPIC,master
40,37,32,bwilk7,CMSC433,Spring2018
41,36,32,brian-team,brian2-binder,master
42,36,26,bwilk7,CMSC433,Spring2018
43,35,24,Microsoft,cognitive-services-notebooks,master
44,35,27,yandexdataschool,Practical_RL,master
45,34,21,cs109,2015lab1,master
46,34,33,data-8,textbook,gh-pages
47,34,24,Microsoft,cognitive-services-notebooks,master
48,33,31,GenericMappingTools,try-gmt-python,master
49,33,20,ksteinfe,decodes_ipynb,master
50,32,24,minrk,ligo-binder,master
51,31,25,bwilk7,CMSC433,Spring2018
52,29,11,bwilk7,CMSC331,Spring2018
53,29,26,PGE383-HPC,live_lectures,master
54,28,20,bloomberg,bqplot,0.10.4-binder2
55,28,5,feststelltaste,software-analytics,master
56,27,16,sbl-sdsc,mmtf-pyspark,master
57,26,24,data-8,textbook,gh-pages
58,26,21,sjoerddehaan,ml-course-2018,master
59,25,18,ricklupton,floweaver,master
60,25,24,sspickle,instrumentation-projects,master
61,24,17,binder-examples,jupyterlab,master
62,24,22,data-8,textbook,gh-pages
63,24,17,kmader,quantitative-big-imaging-2018,master
64,23,17,betatim,openrefineder,master
65,23,18,losc-tutorial,LOSC_Event_tutorial,master
66,23,21,mrocklin,dask-binder,master
67,23,19,twosigma,beakerx,0.13.0
68,22,21,data-8,textbook,gh-pages
69,22,19,rlbarter,ggplot-jgi,master
70,22,9,tanto30,VpyhtonPhysics,master
71,21,18,bwilk7,CMSC433,Spring2018
72,21,11,debimax,cours-debimax,master
73,21,15,ellisonbg,ipyleaflet,0.6.8-binder
74,21,8,maurergroup,CompChem_Notebooks,master
75,20,16,binder-examples,zero-to-binder,master
76,20,20,data-8,textbook,gh-pages
77,20,18,data-8,textbook,gh-pages
78,20,10,mohitganguly,test_binder,master
79,20,18,nicolasmauhe,theorie_financiere,master
80,19,18,data-8,textbook,gh-pages
81,19,19,data-8,textbook,gh-pages
82,19,12,kstrauch94,Crime-Prediction-with-Tweets,master
83,18,14,brianspiering,word-embeddings-workshop,master
84,18,15,carlvitzthum,mobilechelonian,master
85,18,14,datsoftlyngby,dat4sem2018spring-python,master
86,18,13,losc-tutorial,workspace,master
87,18,6,marskar,biof309_spring2018,master
88,18,12,randulphmorales,tropchem,master
89,17,12,agile-geoscience,xlines,master
90,17,14,binder-examples,r,master
91,17,15,data-8,textbook,gh-pages
92,17,16,data-8,textbook,gh-pages
93,17,9,quinot,Compile_And_Prove_Demo,topic/binderify
94,16,11,altair-viz,altair_notebooks,master
95,16,12,binder-examples,requirements,master
96,16,16,data-8,textbook,gh-pages
97,16,13,data-8,textbook,gh-pages
98,16,15,data-8,textbook,gh-pages
99,16,13,maartenbreddels,ipyvolume,master
100,16,14,poliastro,poliastro,master
101,16,8,RemiLehe,warp_example,master
102,15,12,cmbant,camb,master
103,15,14,data-8,textbook,gh-pages
104,15,12,data-8,textbook,gh-pages
105,15,14,elegant-scipy,notebooks,master
106,15,3,fomightez,circos-binderized,master
107,15,11,geoscixyz,em_apps,master
108,15,7,hainm,notebook-pytraj,master
109,15,11,inopens,modsim_demos,master
110,15,10,kmader,chess-alpha-zero,master
111,15,8,kmader,chess-alpha-zero,master
112,15,13,thunder-project,thunder-docs,master
113,15,11,yandexdataschool,Practical_DL,master
114,14,14,data-8,textbook,gh-pages
115,14,10,jupyterhub,zero-to-jupyterhub-k8s,master
116,14,4,kmader,quantitative-big-imaging-2018,master
117,14,9,mbeyeler,opencv-machine-learning,master
118,14,10,qbalabs,practical-python-for-gis-pros,master
119,14,10,qmisr,mis492,master
120,14,13,rougier,numpy-100,master
121,14,13,sjoerddehaan,ml-course-2018,master
122,13,11,data-8,textbook,gh-pages
123,13,9,dunovank,jupyter-themes,master
124,13,11,oschuett,appmode,master
125,13,3,sequenceanalysis,sequenceanalysis.github.io,master
126,12,10,4QuantOSS,DashIntro,master
127,12,12,data-8,textbook,gh-pages
128,12,12,data-8,textbook,gh-pages
129,12,12,data-8,textbook,gh-pages
130,12,12,data-8,textbook,gh-pages
131,12,11,sjoerddehaan,ml-course-2018,master
132,12,9,vibrationtoolbox,vibration_toolbox,binder
133,11,10,AllenDowney,ModSimPy,master
134,11,10,benmarwick,Persistence-of-Public-Interest-in-Gun-Control,master
135,11,11,data-8,textbook,gh-pages
136,11,11,data-8,textbook,gh-pages
137,11,9,data-8,textbook,gh-pages
138,11,9,dlab-berkeley,Machine-Learning-in-R,master
139,11,8,eliiza,challenge-hamlet,master
140,11,7,kmader,jupyterlab-drawio,master
141,11,6,kmader,quantitative-big-imaging-2018,master
142,11,10,kwant-project,kwant-tutorial-2016,master
143,11,8,mforbes,binder_quantum_random_walk,master
144,11,8,Microsoft,cognitive-services-notebooks,master
145,11,6,Microsoft,cognitive-services-notebooks,master
146,11,8,mmngreco,quantdare_posts,master
147,11,11,QuantStack,xtensor,0.15.4
148,10,7,amaliestokholm,gammacephei,master
149,10,5,arash-ash,PyData101,master
150,10,8,binder-examples,appmode,master
151,10,10,binder-examples,jupyterlab,master
152,10,9,data-8,textbook,gh-pages
153,10,8,data-8,textbook,gh-pages
154,10,9,data-8,textbook,gh-pages
155,10,8,deepcollege,deeplearning,master
156,10,9,Emaasit,long-range-extrapolation,master
157,10,10,fomightez,qgrid-notebooks,master
158,10,9,Goodly,LTD,master
159,10,7,ligo-cbc,binder,master
160,10,6,mcmartins,francy,develop
161,10,6,mmoelter,Phys133,master
162,10,7,PierreMarion23,jupyter-widget-hello-world-binder,master
163,10,4,pymc-devs,resources,master
164,10,3,quinot,echo_kernel,master
165,10,5,RailProfAC,ifvMiniWorkshop,master
166,10,8,sourceryinstitute,jupyter-CAF-kernel,master
167,10,9,yeatmanlab,AFQBrowser-demo,gh-pages
168,9,6,agile-geoscience,in-bruges,master
169,9,7,akhil-singh007,temporary,master
170,9,8,binder-examples,conda_environment,v1.0
171,9,8,data-8,textbook,gh-pages
172,9,9,data-8,textbook,gh-pages
173,9,6,jkanner,test-odw,master
174,9,5,josephcslater,iPythonExamples,master
175,9,3,kholtz,eyh2018,master
176,9,9,kmader,quantitative-big-imaging-2018,master
177,9,3,LOHMgit,emdc_demo,master
178,9,5,marvinf95,vtna_frontend,master
179,9,7,MTDzi,EffectiveTensorflow,master
180,9,7,olivertlord,Xtools,master
181,9,8,sachinruk,deepschool.io,master
182,9,6,sjoerddehaan,ml-course-2018,master
183,9,5,uribo,hello_rmarkdown,master
184,8,8,agile-geoscience,notebooks,master
185,8,7,binder-examples,jupyter-rise,master
186,8,7,brian-team,brian2-binder,master
187,8,6,BruceSherwood,vpython-jupyter,master
188,8,8,data-8,textbook,gh-pages
189,8,8,data-8,textbook,gh-pages
190,8,8,data-8,textbook,gh-pages
191,8,8,data-8,textbook,gh-pages
192,8,7,data-8,textbook,gh-pages
193,8,3,dayton-dynamic,demos,master
194,8,7,florian-wagner,try.pygimli.org,master
195,8,6,haystax-technology,long-range-extrapolation,master
196,8,3,imadelhanafi,MyBinder-OnlineCollab,master
197,8,1,marcolondon,thebelab,master
198,8,5,mondeja,pymarketcap,master
199,8,4,olivertlord,Xtools,master
200,8,2,qmisr,mis492,master
201,8,7,tlbbd-spring2018,lab_03,master
202,8,7,xbresson,CE9010_2018,master
203,7,4,ahwillia,PyNeuron-Toolbox,master
204,7,3,arm61,isistrainingcourse_mar2018,master
205,7,6,bwilk7,CMSC433,Spring2018
206,7,6,cms-opendata-education,cms-online-notebooks-for-binder,master
207,7,5,ctb,2016-mybinder-inflammation,master
208,7,6,data-8,textbook,gh-pages
209,7,7,data-8,textbook,gh-pages
210,7,7,data-8,textbook,gh-pages
211,7,7,data-8,textbook,gh-pages
212,7,7,data-8,textbook,gh-pages
213,7,6,dib-lab,sourmash,master
214,7,5,fonnesbeck,bios8366,master
215,7,7,heglex,gene-science,master
216,7,5,kmader,quantitative-big-imaging-2018,master
217,7,6,kmader,quantitative-big-imaging-2018,master
218,7,6,losc-tutorial,quickview,master
219,7,6,lukasmosser,jupetro,master
220,7,7,marccanby,hack-rice-tutorial,master
221,7,4,MedYassir,alignment,master
222,7,5,Microsoft,cognitive-services-notebooks,master
223,7,5,miykael,nipype_tutorial,master
224,7,4,N2ITN,GoogleMusicFavs,master
225,7,5,openpiv,openpiv-python-example,master
226,7,4,pinga-lab,paper-moho-inversion-tesseroids,master
227,7,5,psychemedia,ou-tm11n,master
228,7,4,Shivam-Miglani,ComplexNetworks,master
229,7,5,ubcgif,gpgLabs,master
230,7,5,yuvipanda,binder-1,master
231,6,6,4QuantOSS,scijava-jupyter-kernel,master
232,6,5,ASamarkRoth,gammalab_analysis,master
233,6,1,benmarwick,Persistence-of-Public-Interest-in-Gun-Control,master
234,6,2,bicv,LogGabor,master
235,6,4,BruceSherwood,vpython-jupyter,7.1.2
236,6,5,bwilk7,CMSC433,Spring2018
237,6,5,bwilk7,CMSC433,Spring2018
238,6,6,data-8,textbook,gh-pages
239,6,5,data-8,textbook,gh-pages
240,6,6,data-8,textbook,gh-pages
241,6,6,data-8,textbook,gh-pages
242,6,5,dmollaaliod,comp348-2018,master
243,6,4,elimpro,Mobile-Networks,master
244,6,3,Emaasit,data-science-culture,master
245,6,4,eXtremeGravityInstitute,LISA Sensitivity,master
246,6,3,GabrielPereyra,chess-notebook,master
247,6,5,geoffbacon,computational-text-analysis,master
248,6,6,gjbex,BinderBash,master
249,6,4,gw-odw,odw-2018,master
250,6,4,info-ruc,google-cn,master
251,6,2,kellieotto,test-book,gh-pages
252,6,4,koldunovn,python_for_geosciences,master
253,6,3,LeMasters,Jupyter_Tutyr,master
254,6,4,leouieda,agu2017,master
255,6,5,letsop,test_note,master
256,6,3,Mfhodges,Thesis,master
257,6,6,QuantStack,xtensor,master
258,6,6,rlabbe,ThinkBayes,master
259,6,3,sarath145p,jupyter_notebook_test,master
260,6,3,scikit-beam,ipywe,master
261,6,6,sisaza,informatica.git,master
262,6,6,sspickle,sci-comp-notebooks,master
263,6,3,sumandoc,miniconda,master
264,6,3,sumandoc,miniconda3,master
265,6,4,terna,SLAPP3,master
266,6,6,Tsintsuntsini,PHYS_581,master
267,6,4,yunabe,lgo-binder,master
268,5,4,4QuantOSS,DashIntro,master
269,5,4,4QuantOSS,DashIntro,master
270,5,5,agogodavid,pylabs_github,master
271,5,4,aittalam,Lorenzo,master
272,5,4,aloctavodia,Statistical-Rethinking-with-Python-and-PyMC3,master
273,5,3,angelachieh,JustML-notebooks,master
274,5,3,avidan-efody,coverage-demo,master
275,5,3,binder-examples,dockerfile-rstudio,master
276,5,3,binder-examples,jupyter-extension,master
277,5,2,bokeh,bokeh-notebooks,master
278,5,5,data-8,textbook,gh-pages
279,5,5,data-8,textbook,gh-pages
280,5,4,data-8,textbook,gh-pages
281,5,5,data-8,textbook,gh-pages
282,5,5,davidsanwald,ai-notebook,master
283,5,1,delimax,cours-debimax,master
284,5,5,everhartlab,brazil-sclerotinia-2017,master
285,5,2,fomightez,intermine-binder,master
286,5,4,gopala-kr,notebooks,master
287,5,5,gredvis,tropchem,master
288,5,5,hainm,nglview-notebooks,master
289,5,3,haystax-technology,long-range-extrapolation,master
290,5,3,idlegene,scipy-2017-tutorial-pandas,master
291,5,3,jakeret,tf_unet,master
292,5,4,johntfoster,rotation_widget,master
293,5,5,jupyterlab,jupyterlab-latex,master
294,5,1,laurentperrinet,bayesianchangepoint,master
295,5,4,LeMasters,Jupyter_Tutyr,master
296,5,3,marskar,biof309_spring2018,master
297,5,4,mcasl,TimeSeries,master
298,5,2,mpbeu,Intro,master
299,5,5,ngbusca,notebooks,master
300,5,4,ngs-docs,2018-ggg201b,master
301,5,5,Normaliz,NormalizJupyter,master
302,5,5,opengridcc,opengrid-demo,master
303,5,2,pchalasani,mlnotes,master
304,5,5,PierreMarion23,ipypivot-binder,master
305,5,2,PierreMarion23,test-bqplot,master
306,5,5,QuantStack,xtensor-io,master
307,5,4,reproducible-notebooks,ERDDAP_glider_search,master
308,5,4,saraedum,sage-binder-env,t-23505-lattice-precision
309,5,5,sourceryinstitute,jupyter-CAF-kernel,master
310,5,5,terna,pandas-datareader,master
311,5,3,tlbbd-spring2018,lab_01,master
312,5,2,tpaviot,pythonocc-binderhub,oce019
313,5,4,ubcgif,gpgLabs,master
314,5,4,YeoLab,single-cell-bioinformatics,master
315,4,3,4QuantOSS,DashIntro,master
316,4,4,abprice,CGM_Jupyter_Breakout_Session_170512,master
317,4,3,AdvancedMachineLearning,60hoursProject,master
318,4,2,amueller,introduction_to_ml_with_python,master
319,4,3,bastula,dicom-notebooks,master
320,4,3,bccp,nbodykit-cookbook,master
321,4,3,binder-examples,data-quilt,master
322,4,3,bloomberg,bqplot,0.10.4-binder2
323,4,3,boisgera,audio-notebooks,master
324,4,3,brian-rose,ClimateModeling_courseware,master
325,4,3,contextlab,hypertools-paper-notebooks,master
326,4,4,cosmicfish,cosmicfish,master
327,4,2,craigschrodinger,QA-Docs,master
328,4,4,DanWebster,crispr_screen_sgRNAs,master
329,4,4,data-8,textbook,gh-pages
330,4,4,data-8,textbook,gh-pages
331,4,3,davidrpugh,evolution-of-social-behavior,master
332,4,2,deepfakes,faceswap,master
333,4,3,Emaasit,data-science-culture,master
334,4,3,epfl-lts2,pygsp,master
335,4,4,eXtremeGravityInstitute,LISA_Sensitivity,master
336,4,1,fastai,courses,master
337,4,3,feststelltaste,software-data,master
338,4,3,geoscixyz,em_apps,master
339,4,3,harmslab,epistasis-notebooks,master
340,4,3,jakevdp,PythonDataScienceHandbook,master
341,4,4,jupyterhub,binder-billing,master
342,4,3,LOHMgit,emdc_demo.git,master
343,4,4,mirnylab,cooler-binder,master
344,4,2,nickduran,align-linguistic-alignment,master
345,4,3,nicolasmauhe,theorie_financiere,master
346,4,3,ocoudray,jupyter-d3-slider-binder,master
347,4,3,oroszl,szamprob,master
348,4,1,osv-team,pyosv-binderhub,master
349,4,4,particle-physics-playground,playground,master
350,4,2,PierreMarion23,test-bqplot,master
351,4,3,pnavaro,python-notebooks,github
352,4,3,qinfer,qinfer-examples,master
353,4,3,qmisr,mis492,master
354,4,4,rajathkmp,Python-Lectures,master
355,4,3,RobinL,fuzzymatcher,master
356,4,4,SCPSscience,Notebooks,master
357,4,3,sean-parent,notebook,master
358,4,3,tlbbd-spring2018,lab_04,master
359,4,3,tlbbd-spring2018,lab_06,master
360,4,3,tlbbd-spring2018,lab_07,master
361,4,3,tpaviot,pythonocc-binderhub,master
362,4,3,tpoisot,ScientificComputingForTheRestOfUs,master
363,3,3,4QuantOSS,scijava-jupyter-kernel,master
364,3,2,adamlamee,CODINGinK12-binderFiles,master
365,3,1,adl,binder-test,master
366,3,3,agile-geoscience,xlines,master
367,3,2,amnona,calour,mybinder
368,3,1,aymericdamien,TensorFlow-Examples,master
369,3,3,binder-examples,jupyter-extension,master
370,3,3,binder-examples,python-conda_pip,master
371,3,3,binder-examples,remote_storage,master
372,3,2,brian-team,brian2-binder,master
373,3,3,bwilk7,CMSC433,Spring2018
374,3,2,cantera,cantera-jupyter,master
375,3,2,carlvitzthum,programming-club-2018,master
376,3,2,CartoDB,cartoframes,master
377,3,2,cdohl,ph3501,master
378,3,3,computationalmodelling,fidimag,master
379,3,2,computersciencenotebooks,btec_unit_1,master
380,3,3,CPJKU,madmom_tutorials,master
381,3,2,cranmer,ligo-binder,master
382,3,2,dariomalchiodi,deeplearning-helloworld,master
383,3,2,dariomalchiodi,jupyterlab-binder,master
384,3,1,data-8,textbook,gh-pages
385,3,2,davidcortesortuno,fidimag,master
386,3,2,djson8,ox-p4ds,master
387,3,3,djson8,ox-p4ds,master
388,3,3,dlab-berkeley,MachineLearningWG,master
389,3,3,gammapy,gammapy-extra,master
390,3,3,GenericMappingTools,try-gmt-python,master
391,3,2,geoscixyz,em_apps,master
392,3,3,glouppe,tutorial-scikit-learn,master
393,3,3,hyperspy,hyperspy-demos,master
394,3,3,iskreng,NIR-sky-plot,master
395,3,2,K3D-tools,K3D-jupyter,master
396,3,3,LeMasters,Jupyter_Tutyr,master
397,3,3,letsop,test_note,master
398,3,2,letsop,test_note,master
399,3,2,LOHMgit,emdc_demo.git,master
400,3,3,m2dsupsdlclass,lectures-labs,master
401,3,2,mapio,GraphvizAnim,master
402,3,2,materialsinnovation,mks-tutorial,master
403,3,1,mcasl,misc,master
404,3,3,mcmartins,francy,develop
405,3,3,mkarakoc,Titresim_ve_Dalgalar,master
406,3,2,mkoculak,Warsztat-programowania,master
407,3,2,Naereen,notebooks,master
408,3,3,NathanMeulen,Fourier_Transform_exploration,master
409,3,2,neuropoly,axondeepseg,master
410,3,2,nhejazi,sl3_lecture,master
411,3,2,norvig,pytudes,master
412,3,1,oforechi,ifes-cpp,master
413,3,3,olivertlord,Xtools,master
414,3,3,OpenAstronomy,Workshop-Lessons,master
415,3,1,oxpeter,library_bioinformatics_service,master
416,3,2,parente,wildwolfwatch,master
417,3,3,plotly,jupyterlab-chart-editor,master
418,3,3,poliastro,poliastro,0.8.x
419,3,1,QuantStack,xeus-cling,0.2.0
420,3,2,raynamharris,flotilla,master
421,3,3,reproducible-notebooks,ERDDAP_timeseries_explorer,appmode
422,3,1,ricklupton,ipysankeywidget,master
423,3,2,SaitoTsutomu,OptForPuzzle,master
424,3,2,sallamander,neural-networks-intro,master
425,3,2,sameerbhatnagar,ai-certificate,master
426,3,3,SBRG,ssbio,master
427,3,2,serithemage,2017_csat_mathematics_type_ga,master
428,3,1,synw,dataswim-notebooks,master
429,3,1,ubcgif,gpgLabs,master
430,3,2,Unidata,unidata-python-workshop,master
431,3,3,uribo,binder_demo,master
432,3,1,user,miykael-nipype_tutorial-sk0z8uba,tree
433,3,3,YaleATLAS,CERNDeepLearningTutorial,master
434,2,2,4QuantOSS,DashIntro,master
435,2,2,4QuantOSS,scijava-jupyter-kernel,master
436,2,2,a-slide,presentation_mybinder,master
437,2,2,AeroPython,Curso_AeroPython,master
438,2,2,aforech,ifes-cpp,master
439,2,1,aforechi,ifes-ccp,master
440,2,1,aforechi,ifesicpp,master
441,2,1,aittalam,Lorenzo,master
442,2,2,AllenDowney,ProbablyOverthinkingIt,master
443,2,1,amitkaps,hackermath,master
444,2,2,AndreGaathaug,Teknisk_sikkerhet,master
445,2,1,angelachieh,JustML-notebooks,master
446,2,1,angelachieh,JustML-notebooks,master
447,2,1,arm61,isistrainingcourse_ mar2018,aster
448,2,2,binder-examples,julia_python,master
449,2,2,binder-examples,latex,master
450,2,1,binder-examples,requirements,master
451,2,2,bio-phys,PyDHAMed,master
452,2,1,birnstiel,twopoppy-demo,master
453,2,2,bloomberg,bqplot,master
454,2,1,bloomberg,bqplot,master
455,2,2,bpesquet,deep-learning-workshop,master
456,2,1,bradkav,WIMpy_NREFT,master
457,2,1,brian-team,brian2-binder,master
458,2,2,brian-team,brian2-binder,master
459,2,1,brian-team,brian2-binder,master
460,2,1,brian-team,brian2-binder,master
461,2,1,Bultako,gammapy-extra,master
462,2,2,CartoDB,cartoframes,binder-examples
463,2,1,CartoDB,cartoframes,binder-examples
464,2,2,cgre-aachen,bayseg,master
465,2,2,clawpack,riemann_book,master
466,2,2,cmbant,getdist,master
467,2,2,cms-opendata-education,cms-rmaterial-multiple-languages,master
468,2,2,cserti,optika,master
469,2,1,data-8,textbook,gh-pages
470,2,2,data-8,textbook,gh-pages
471,2,2,davidrpugh,numerical-methods,master
472,2,1,dib-lab,MMETSP,master
473,2,1,dibakarbose,DataScience,master
474,2,1,ecell,ecell4-notebooks,master
475,2,1,ellisonbg,ipyleaflet,master
476,2,2,emehrkay,Pypher,master
477,2,1,erikcs,TA,master
478,2,2,everhartlab,SscPhenoProj,master
479,2,1,eXtremeGravityInstitute,LISA_Sensitivity.git,master
480,2,2,eXtremeGravityInstitute,LISA,_Sensitivity/master
481,2,2,fbkarsdorp,rug-coding-intro,master
482,2,1,feststelltaste,software-analytics,master
483,2,1,feststelltaste,software-analytics,master
484,2,2,FlorianWilhelm,distvis,master
485,2,1,friedrichknuth,pisces,master
486,2,2,geoscixyz,em_apps,master
487,2,1,geoscixyz,em_apps,master
488,2,2,geoscixyz,em_apps,master/
489,2,1,gtarabat,differential_privacy,master
490,2,1,gte620v,PythonTutorialWithJupyter,master
491,2,1,guyemerson,intro,master
492,2,2,https:,,gitlab.lrde.epita.fr/adl/binder-test.git/master
493,2,1,https:,gist.github.com,LOHMgit/e57415c3dab2de735e9a0a09617714b3
494,2,1,jakevdp,WhirlwindTourOfPython,master
495,2,2,jgomezdans,photosynthesis_practical,master
496,2,2,jtpio,p5-jupyter-notebook,master
497,2,2,justmarkham,scikit-learn-videos,master
498,2,2,jwkvam,plotlywrapper,master
499,2,2,kellieotto,test-book,master
500,2,2,kellieotto,test-book,master
501,2,1,kstrauch94,Crime-Prediction-with-Tweets,master
502,2,2,liam2,larray,0.28-dev
503,2,1,lknelson,reproducibility-example,master
504,2,1,marccanby,hack-rice-tutorial.git,master
505,2,2,masedki,moocRchap02,master
506,2,1,materialsvirtuallab,matgenb,master
507,2,1,mcvine,training,master
508,2,2,mdeff,ntds_2017,outputs
509,2,1,minrk,jupyter-day-orsay-2018,9efd61f0fe5d92ce52acdaf66ee3632211003d2c
510,2,2,minrk,jupyter-day-orsay-2018,master
511,2,2,miykael,create_fake_fmri_results,master
512,2,2,MlleMargauxLedieu,Simple-ML-Algorithms.git,master
513,2,2,mmoelter,Phys133,master
514,2,2,mmoelter,Phys133,master
515,2,2,mmorini,langevosfi,python
516,2,2,mmorini,langevosfi,python
517,2,2,mossmatters,PhyPartsPieCharts,master
518,2,1,mpbeu,Intro,master
519,2,1,nikizadehgfdl,Data-Science-45min-Intros,master
520,2,1,norvig,pytudes,master
521,2,1,npscience,TIL,master
522,2,1,nteract,papermill,master
523,2,2,nteract,vdom,master
524,2,2,opengridcc,opengrid-demo,master
525,2,2,opengridcc,opengrid-demo,master
526,2,2,opengridcc,opengrid-demo,master
527,2,2,openPMD,openPMD-viewer,master
528,2,2,pymc-devs,resources,master
529,2,2,pynucastro,pynucastro,master
530,2,2,qmisr,mis492,master
531,2,1,qq1074123922,deepschool.io,master
532,2,1,QuantStack,xeus-cling,0.0.6
533,2,2,QuantStack,xeus-cling,0.1.0-binder
534,2,1,QuantStack,xplot,0.3.0-binder
535,2,2,QuantStack,xplot,0.4.0-binder2
536,2,2,restrepo,generic_binder,master
537,2,1,RicaMeg,PlayitAgain,master
538,2,2,RobInLabUJI,ROS-Stage,master
539,2,1,romische,jupyter-notebook-test,master
540,2,2,rparrapy,lime-demo,master
541,2,1,rprimet,test_note,master
542,2,1,sagemath,sage-binder-env,master
543,2,2,samoturk,mol2vec_notebooks,master
544,2,1,scienceetonnante,GameOfLife,master
545,2,2,SCPSscience,Notebooks,master
546,2,1,sebasguts,GAPBinderDemo,master
547,2,2,sidubois,mapr2451,master
548,2,2,Simonbiggs,electroninserts_bundle,master
549,2,1,simonsfoundation,jp_svg_canvas,master
550,2,1,simonsfoundation,Th17_TRN_Networks,master
551,2,2,sjoerddehaan,ml-course-2018,master
552,2,1,skuschel,postpic,ipynb-tutorial
553,2,1,sofroniewn,mesoscope,master
554,2,1,spatialaudio,nbsphinx,0.3.1
555,2,1,spatialaudio,nbsphinx,0.3.1
556,2,1,spatialaudio,nbsphinx,0.3.1
557,2,2,StingraySoftware,notebooks,master
558,2,2,strongdan,HarvardX-PH526x-Using-Python-for-Research,master
559,2,2,sumandoc,Perl-6-notebook,master
560,2,2,swchen888,exploratory_computing_with_python,master
561,2,2,takluyver,mobilechelonian,master
562,2,1,tdhopper,notes-on-dirichlet-processes,master
563,2,1,telescopeuser,deepschool.io,master
564,2,2,terna,SLAPP3,master
565,2,1,thierrymondeel,FBA_python_tutorial,master
566,2,1,tlinnet,drawnmr,master
567,2,2,tonyfujs,dkanr,master
568,2,2,topocm,topocm_content,master
569,2,1,tpoisot,ScientificComputingForTheRestOfUs,master
570,2,2,TravisRobson,LISA_Sensitivity,master
571,2,1,Tsintsuntsini,PHYS_581,master
572,2,2,tyrion,fqi-lqg,master
573,2,2,ubcgif,gpgLabs,master
574,2,1,ubcgif,gpgLabs,master
575,2,2,ubcgif,gpgLabs,master
576,2,2,wildtreetech,explore-open-data,master
577,2,2,willb,probabilistic-structures,master
578,2,2,yandexdataschool,Practical_RL.git,master
579,2,1,yeatmanlab,Sarica_2017,gh-pages
580,2,2,yuvipanda,simplejl,master
581,2,1,,v2,git/https://gitlab.lrde.epita.fr/adl/binder-test.git/05b742522a60dcf076d9d1b23fde618c15369912
582,1,1,,translate_c?act=url&depth=1&hl=es&ie=UTF8&prev=_t&rurl=translate.google.es&sl=en&sp=nmt4&tl=zh-CN&u=https:,/mybinder.orgbetatim/openrefineder/master
583,1,1,,transpage?cb=translateCallback&ie=utf8&source=url&query=https:,/mybinder.orgjupyterlab/jupyterlab-demo/master
584,1,1,247Stef,Test,master
585,1,1,4QuantOSS,Augmentor,master
586,1,1,4QuantOSS,DashIntro,master
587,1,1,4QuantOSS,DashIntro,master
588,1,1,4QuantOSS,DashIntro,master
589,1,1,4QuantOSS,FastPhotoStyle,master
590,1,1,abisee,movie-recommender,master
591,1,1,acasti7,Bayes-GP_demos,master
592,1,1,AeroPython,PyFME,master
593,1,1,aflaxman,mental_disorders_in_conflict_replication_archive,master
594,1,1,aforechi,ifes-cpp,MASTER
595,1,1,agile-geoscience,notebooks,master
596,1,1,aimacode,aima-python,master
597,1,1,akhil-singh007,temporary.git,master
598,1,1,akhmerov,20_minutes_intro_to_python,master
599,1,1,akoslaczko,binder-notebooks,master
600,1,1,alexlib,openpiv-python-example,master
601,1,1,AllenDowney,fluent-python-notebooks,master
602,1,1,AllenDowney,ThinkComplexity2,master
603,1,1,allendowney,thinkdsp,master
604,1,1,AM207,2018spring,master
605,1,1,angelachieh,JustML-notebooks,autosklearn_example_digits.ipynb
606,1,1,angelachieh,JustML-notebooks,JustML-notebooks/blob/master/justml_example_digits.ipynb
607,1,1,angelachieh,JustML-notebooks,master/autosklearn_example_digits.ipynb
608,1,1,angelachieh,JustML-notebooks,master/tree/autosklearn_example_digits.ipynb
609,1,1,arm61,isistrainingcourse_ mar2018,master
610,1,1,artfisica,notebooks,master
611,1,1,ASamarkRoth,ChainCongruency,master
612,1,1,avirshup,mdt-gallery-test,master
613,1,1,Aylr,ipysankeywidget,master
614,1,1,baram204,Machine-Learning-With-Go,master
615,1,1,bartdevylder,bikecity-tutorial,master
616,1,1,bayesiancointegration,python,master
617,1,1,bduggan,p6-jupyter-kernel,master
618,1,1,Beanstine,ODEGraphs,master
619,1,1,benjello,ppd-micro-simulations-and-public-policies,master
620,1,1,berceanu,ra5,a4d8420a1cceb6289f68b351bac1a2b52fe7fca6
621,1,1,betatim,appmode,bindering
622,1,1,betatim,talk-swiss-python-summit-2018,master
623,1,1,binder-examples,appmode,master
624,1,1,binder-examples,julia_python,master
625,1,1,binder-examples,jupyter-stacks,master
626,1,1,binder-examples,jupyterlab,master
627,1,1,binder-examples,python2_runtime,master
628,1,1,binder-project,example-dockerfile,master
629,1,1,binder-project,example-requirements,master
630,1,1,Bioconductor-notebooks,Cross-platform-Analyses-of-Human-Cell-Line-Genomics-Data,master
631,1,1,birnstiel,review_arrow_plot,master
632,1,1,bjmorgan,python_in_chemistry,master
633,1,1,blink1073,jupyterlab-demo,test-jupyterlab-hub
634,1,1,blink1073,jupyterlab-demo,workspace-file
635,1,1,bloomberg,bqplot,master
636,1,1,boileaum,cours-python,master
637,1,1,boileaum,cours-python,master
638,1,1,boisgera,jupyter-cython,master
639,1,1,braaannigan,explore_data,master
640,1,1,brian-team,brian2-binder,master
641,1,1,brian-team,brian2-binder,master
642,1,1,brian-team,brian2-binder,master
643,1,1,brian-team,brian2-binder,master
644,1,1,brianoleary15,Hands-On-Machine-Learning-with-ScikitLearn-and-TensorFlow,master
645,1,1,brianspiering,tensorflow-workshop,master
646,1,1,brunobcardoso,vanhack-jobboard-analytics,master
647,1,1,btel,python-in-neuroscience-tutorials,master
648,1,1,buzzfeednews,2015-11-lottery-simulations,master
649,1,1,bwilk7,CMSC433,Spring2018
650,1,1,Calysto,conx,master
651,1,1,carlvitzthum,requirements,master
652,1,1,cbenz,openfisca-interactive,master
653,1,1,ceholden,open-geo-tutorial,master
654,1,1,clemsonciti,jupyter-welcome,master
655,1,1,cmbant,camb,master
656,1,1,coaxlab,radd,master
657,1,1,compstat-lmu,lecture_intro_to_ml_notebooks,master
658,1,1,compstat-lmu,lecture_intro_to_ml,master
659,1,1,ctb,2018-clustering-bins-example,master
660,1,1,cynddl,bandicoot-training,master
661,1,1,d-v-b,flecht,master
662,1,1,Dallinger,difi-validation,master
663,1,1,damianavila,damian_blog,master
664,1,1,darribas,int_sp_auto,master
665,1,1,data-8,data8assets,master
666,1,1,data-8,textbook,gh-pages
667,1,1,davidcrowland,archdata,master
668,1,1,davidmam,MRQBuilder,master
669,1,1,dayton-dynamic,demos,undefineddayton-dynamic/demos/master
670,1,1,deathbeds,rites,master
671,1,1,debimax,curs-debimax,master
672,1,1,dennybritz,reinforcement-learning,master
673,1,1,diegorcsilva,sinais.git,master
674,1,1,dlitvakb,contentful_walkthrough_notebook,master
675,1,1,DrSkippy,Data-Science-45min-Intros,master
676,1,1,Efsilvaa,MLHub,master
677,1,1,eliasdabbas,keywords_widget,master
678,1,1,elimpro,Mobile-Networks,master/Notebook_mobile_networks.ipynb
679,1,1,ellisonbg,ipyleaflet.git,master
680,1,1,ellisonbg,ipyleaflet,master
681,1,1,ellisonbg,ipyleaflet,tree/master/examples/master
682,1,1,emehrkay,pypher-notebook,tree/master/books/master
683,1,1,emehrkay,Pypher,master
684,1,1,epfl-lts2,pyunlocbox,master
685,1,1,eriklindernoren,PFTA-Final-Assignment,/95af77e6ba1c3f05e119302c0526acdf10cf0a47/master
686,1,1,ertpload,retropy,master
687,1,1,eXtremeGravityInstitute,LISA Sensitivity,master.
688,1,1,eXtremeGravityInstitute,LISA,Sensitivity/master
689,1,1,eXtremeGravityInstitute,LISASensitivity.git,master
690,1,1,fastai,fastai,master
691,1,1,fgnt,oaf,master
692,1,1,flatironinstitute,FREYA,master
693,1,1,folivetti,AprendizadoMaquina,maste
694,1,1,fomightez,cairo-jupyter,master
695,1,1,fomightez,ranked_list_comparison_demo,master
696,1,1,fonnesbeck,ebola_data_processing,master
697,1,1,fonnesbeck,intro_stat_modeling_2017,master
698,1,1,francesar,ml,master
699,1,1,gabefoley,1kp_test,master
700,1,1,GabrielPereyra,chess-notebook,master
701,1,1,GabrielPereyra,chess-notebook,master
702,1,1,GabrielPereyra,chess-notebook,master
703,1,1,gammapy,gammapy-extra,master
704,1,1,gammapy,gammapy-extra,master
705,1,1,gammapy,gammapy-extra,master
706,1,1,gammapy,gammapy-extra,master
707,1,1,gchevrot,WebScrewFrame,master
708,1,1,GenericMappingTools,gmt6demo,master
709,1,1,GenericMappingTools,try-gmt-python,master
710,1,1,GenericMappingTools,try-gmt-python,master
711,1,1,GenericMappingTools,try-gmt-python,master
712,1,1,geoscixyz,em_apps,master
713,1,1,geoscixyz,em_apps,master
714,1,1,geoscixyz,em_apps,master
715,1,1,geoscixyz,em_apps,master
716,1,1,geoscixyz,em_apps,master/notebooks/maxwell1_fundamentals/Reflection_and_Refraction.ipynb
717,1,1,geoscixyz,em_apps,master/notebooks/notebooks/maxwell1_fundamentals/Reflection_and_Refraction.ipynb
718,1,1,gettractiongmbh,nb_snippet_generator,master
719,1,1,gevero,1DPyHC,master
720,1,1,gfrubi,RG,master
721,1,1,go-hep,binder,master
722,1,1,go-hep,binder,master
723,1,1,gopherds,mybinder-go,master
724,1,1,grovduck,cof-python-workshop,master
725,1,1,Guilherme-Lavezzo,R-env.git,master
726,1,1,Guilherme-Lavezzo,R-env.git,master
727,1,1,henchc,HTRC-Pre-Workshop,master
728,1,1,henchc,textxd-2017,master
729,1,1,heyAyushh,Python-Notes,master
730,1,1,heyredhat,stars,master
731,1,1,histed,PCATutorialPython,master
732,1,1,HKNDecal,HKNDecal,master
733,1,1,holla2040,valvestudio,master
734,1,1,Hoskayne,phys40lab4,master
735,1,1,http:,localhost:8888,notebooks/MORALES_Assignment.ipynb
736,1,1,http:,localhost:8889,tree/Examples/master
737,1,1,http:,vmodi.in,2017/section-2.2.2.html
738,1,1,https:,,gitlab.com/gitlab.lrde.epita.fr.git/adl/binder-test/master
739,1,1,https:,,gitlab.lrde.epita.fr/adl/binder-test.git/master
740,1,1,https:,gist.github.com,LOHMgit/e57415c3dab2de735e9a0a09617714b3.js
741,1,1,humberto-ortiz,ama,master
742,1,1,ibm-et,jupyter-samples,master
743,1,1,imagej,tutorials,master
744,1,1,inducer,splash-activities,master
745,1,1,ioam,holoviews-contrib,master
746,1,1,ioos,notebooks_demos,master
747,1,1,ipython,ipython-in-depth,master
748,1,1,ipython,ipython-in-depth,master
749,1,1,ipython,ipython-in-depth,undefinedipython/ipython-in-depth/master
750,1,1,ipython,ipython,wiki/A-gallery-of-interesting-IPython-Notebooks/master
751,1,1,jackybaltes,IntelligentHumanoidRobotics,master
752,1,1,jckantor,Ball-and-Beam,master
753,1,1,jckantor,Siemens-Star,master
754,1,1,jdemeyer,icms-talk-20170118,master
755,1,1,jesuslalvaro,docs,master
756,1,1,johannesfritz,CapitolQuery,master
757,1,1,JoshWilkins2013,JupyterNotebooks,master
758,1,1,jovyan,jupyter-flight-simulator,master
759,1,1,jovyan,pythreejs,master
760,1,1,jupyter-widgets,ipywidgets,master
761,1,1,jupyter,notebook,master
762,1,1,jupyterlab,jupyter-renderers,master
763,1,1,jupyterlab,jupyter-renderers,master
764,1,1,jupyterlab,jupyterlab-demo,master
765,1,1,jupyterlab,jupyterlab-demo,master
766,1,1,jupyterlab,jupyterlab,master
767,1,1,kdubovikov,fastsampling,master
768,1,1,kellieotto,test-book,master
769,1,1,kkamdin,soil_property_prediction_cdips2017,master
770,1,1,kleinric,WIES2018,master
771,1,1,kmader,chess-alpha-zero,master
772,1,1,kmader,quantitative-big-imaging-2017,master
773,1,1,kmader,quantitative-big-imaging-2018,master
774,1,1,kozo2,jupyter-cytoscape,master
775,1,1,kunlegiwa,Bindertest2,master
776,1,1,LeMasters,Jupyter_Tutyr,master
777,1,1,letaylor,binder-demo-share_results,master
778,1,1,lh3,minimap2,master
779,1,1,lightning-viz,lightning-example-notebooks,master
780,1,1,lmcinnes,hdbscan_paper,master
781,1,1,LOHMgit,emdc_demo.git,master
782,1,1,LOHMgit,emdc_demo.git,master
783,1,1,losc-tutorial,quickview_linear,master
784,1,1,lpernie,keras_tutorial,master
785,1,1,lwgray,ddl.git,master
786,1,1,maartenbreddels,ipyvolume,a24d5ec
787,1,1,materialsproject,mapidoc,master
788,1,1,MatheusVargas2,DataScience,master
789,1,1,matth1446,TPE2018,master
790,1,1,mbjoseph,intro-eva,master
791,1,1,mcmartins,francy,master
792,1,1,mcmartins,francy,master
793,1,1,MDAnalysis,binder-notebook,issue-2-hole-distribution
794,1,1,MDAnalysis,binder-notebook,pca-tutorial
795,1,1,Menelau,DESlib,master
796,1,1,Mfhodges,Thesis,master
797,1,1,mforbes,binder_quantum_random_walk,master
798,1,1,mgeier,jupyter-presentation,master
799,1,1,Microsoft,cognitive-services-notebooks,master
800,1,1,Microsoft,cognitive-services-notebooks,master
801,1,1,millejoh,emacs-ipython-notebook,master
802,1,1,minrk,junk,binder-test
803,1,1,minrk,junk,geopandas
804,1,1,minrk,ligo-binder,master
805,1,1,mkcor,advanced-pandas,master
806,1,1,mkearney,rtweet,master
807,1,1,ml-mipt,ml-mipt-part2,master
808,1,1,mlamoureux,usingsyzygy,master
809,1,1,mmoelter,phys133,master
810,1,1,mmoelter,phys133,master
811,1,1,mohneesh7,Data-Science-Practice,blob/master/svd.ipynb/master
812,1,1,mohneesh7,Data-Science-Practice,master
813,1,1,mojones,binders,master
814,1,1,mojtabah,ChemML,master
815,1,1,MonashBioinformaticsPlatform,intro-to-python-for-bioinformatics,master
816,1,1,mpapenbrock,jupyter-tutorials,master
817,1,1,mpbeu,Intro,01.ipynb
818,1,1,mpbeu,Intro,01.ipynb/master
819,1,1,mpbeu,Intro,blob/master/01.ipynb
820,1,1,mpbeu,Intro,blob/master/01.ipynb/master
821,1,1,mpbeu,Intro,master
822,1,1,mpbeu,Intro,master/01.ipynb
823,1,1,mrcinv,moodle-questions,master
824,1,1,mrocklin,dask-binder,master
825,1,1,nethone,keystroke-dynamics,master
826,1,1,neugram,binder,master
827,1,1,neuroneuro15,scipycourse2016,master
828,1,1,ngs-docs,2017-davis-ggg201a-day1,master
829,1,1,ngs-docs,2018-ggg-rstudio-bioinformatics-ws,master
830,1,1,nicoguaro,AdvancedMath,master
831,1,1,nicoguaro,FEM_resources,master
832,1,1,nicoguaro,notebooks_examples,master
833,1,1,nicolasmauhe,computational_finance,master
834,1,1,niklas-heer,learning-r,master
835,1,1,nirum,descent-tutorial,master
836,1,1,Noura,hello-jupyter,master
837,1,1,ntadej,racorodja,master
838,1,1,nvhealy,PHY1022_2017,master
839,1,1,ocatak,ocatak.github.io,master
840,1,1,olivertlord,Xtools,master
841,1,1,OMS-NetZero,FAIR,master
842,1,1,OMS-NetZero,FAIR,v1.2_dev
843,1,1,open-data-day-cambridge-2018,bicycle-theft-cambridgeshire,master
844,1,1,OpenAstronomy,Workshop-Lessons,master
845,1,1,openclimatedata,notebooks,master
846,1,1,openclimatedata,notebooks,master
847,1,1,oswcad,el667,master
848,1,1,otlord,Xtools,master
849,1,1,oxpeter,smartfest2018,master
850,1,1,paulgb,penkit,master
851,1,1,PBrockmann,ipython_ferretmagic,master
852,1,1,pbstark,CORLA18,master
853,1,1,pedritomelenas,Software-Matematicas-GAP,master
854,1,1,peps-uga,potts-example,master
855,1,1,PierreMarion23,jupyter-widget-drawing-pad-binder,master
856,1,1,PierreMarion23,jupyter-widget-drawing-pad-binder,master
857,1,1,profjsb,python-seminar,master
858,1,1,profjsb,python-seminar,master
859,1,1,pschindler,q_tutorial,master
860,1,1,psychemedia,showntell,maths
861,1,1,QISKit,qiskit-tutorial,blob/stable/index.ipynb/master
862,1,1,qmisr,mis492,master
863,1,1,QuantStack,ipysheet,master
864,1,1,QuantStack,xeus-cling,0.2.0-binder
865,1,1,QuantStack,xeus-cling,0.2.1
866,1,1,QuantStack,xtensor,master
867,1,1,QuantStack,xwidgets,0.8.0
868,1,1,quiltdata,data2binder,master
869,1,1,quinot,Compile_And_Prove_Demo,master
870,1,1,rajathkmp,Python-Lectures,master
871,1,1,randulphmorales,tropchem,blob/master/Assignment 1/MORALES_Assignment.ipynb/master
872,1,1,RaoOfPhysics,bicycle-theft-cambridgeshire,add-requirements
873,1,1,rasbt,python-machine-learning-book-2nd-edition,master
874,1,1,rasbt,python-machine-learning-book-2nd-edition,master
875,1,1,ResidentMario,py_d3,master
876,1,1,resnant,rookies_exercise,master
877,1,1,RicaMeg,PlayitAgain,blob/master/Questionnaires/plot_questionnaires.ipynb/master
878,1,1,rogerlord,python-aims2018,master
879,1,1,RosettaCommons,pyrosettascripts_demo,master
880,1,1,ruby-numo,numo-narray,master
881,1,1,sagemath,more-sagemath-tutorials,master
882,1,1,saint-germain,Interferometry,master
883,1,1,sean-parent,notebook,master
884,1,1,seg,2016-ml-contest,master
885,1,1,sequenceanalysis,sequenceanalysis.github.io,master
886,1,1,sherdim,mame,master
887,1,1,simpeg,em_notebooks,master
888,1,1,sje30,julia-python,master
889,1,1,sofroniewn,2pRAM-paper,master
890,1,1,sophiedeb,exercises,master
891,1,1,spatialaudio,digital-signal-processing-lecture,master
892,1,1,sphinx-gallery,sphinx-gallery.github.io,master
893,1,1,sspickle,instrumentation-projects.git,master
894,1,1,stefanv,ds_intro,master
895,1,1,strongdan,intro-data-analysis-codecademy,master
896,1,1,swchen888,jupyterlab-demo,master
897,1,1,swchen888,WhirlwindTourOfPython,master
898,1,1,sympy,scipy-2017-codegen-tutorial,master
899,1,1,tanto30,VpyhtonPhysics,master
900,1,1,Tarleton-Math,M5364_17fl_Data_Mining1,master
901,1,1,tboch,mocpy,master
902,1,1,terna,pandas-datareader,maste
903,1,1,thehackerwithin,berkeley,master
904,1,1,TheNathanielWatkins,finding_donors,master
905,1,1,thomasfillon,Timeside-demos,master
906,1,1,topologicalbudapest,topins.git,master
907,1,1,ToucanToco,cas_technique_stage_data,master
908,1,1,tpaviot,pythonocc-core,review/tess
909,1,1,tpoisot,ScientificComputingForTheRestOfUs,master
910,1,1,TravisRobson,LISA_Sensitivity.git,master
911,1,1,twosigma,beakerx,0.12.0
912,1,1,ubcgif,gpgLabs,master
913,1,1,uribo,binder_demo,master
914,1,1,uribo,binder_demo,unnecessary_docker
915,1,1,user,miykael-nipype_tutorial-sk0z8uba,master
916,1,1,vallis,salon-lectures-2015,master
917,1,1,VBaillard,LIGO-O1,master
918,1,1,vibrationtoolbox,vibration_toolbox,master
919,1,1,vibrationtoolbox,vibration_toolbox,tree/master/docs/tutorial/master
920,1,1,virotech,ny_taxi_demo,master
921,1,1,VivianePons,public-notebooks,master
922,1,1,widdowquinn,Notebooks-Bioinformatics,master
923,1,1,willingc,2017_09_28_sdpug_sphinx,master
924,1,1,worldwidetelescope,pywwt-notebooks,master
925,1,1,x-calibre,FITS-images,master
926,1,1,yandexdataschool,Practical_DL,fall17
927,1,1,yandexdataschool,Practical_RL,fall17
928,1,1,yeatmanlab,AFQ-Browser-MSexample,gh-pages
929,1,1,yoavram,PyConIL2016,master
930,1,1,,v2,git/https://gitlab.lrde.epita.fr/adl/binder-test.git/223304d0e858f7ad031fc83cf0eb288b954c2d7123e
931,1,1,,v2,git/https://gitlab.lrde.epita.fr/adl/binder-test.git/23304d0e858f7ad031fc83cf0eb288b954c2d7123e
